Number,Done,Text ID,Transliteration ID,,,First round,Second round
A000001,1,9357548,3615766238,,,,
A000061,1,9357548,4989489551,,,,
A000106,1,5640174,9869842759,,,,
A000149,1,9357548,3599820044,,,,
A000234,1,9357548,1178318240,,,,
A000249,1,9357548,9821561637,,,,
A000277,1,9357548,792578251,,,,
A000407,1,9357548,1506514520,,,,
A000435,1,5371563,9987785224,,,,
A000490,1,9357548,8397366227,,,,
A000520,1,9357548,1892281813,,,,
A000535,1,9357548,2790324445,,,,
A000578,1,9357548,1451715339,,,,
A000691,1,9357548,127572857,,,,
A000708,1,2690281,1987396098,,,,
A000821,1,9357548,5713708848,,,,
A000836,1,9357548,4045565653,,,,
A000879,1,9357548,8474103082,,,,
A000992,1,9357548,8773569516,,,,
A001029,1,3756245,734560653,,,,
A001041,1,9357548,1703571406,,,,
K001538,1,9357548,4025211903,,30,,
K001539,1,9357548,486698371,,29,,
K001540,1,9357548,2787848113,,28,,
K001541,1,9357548,2659267395,,27,,
K001542,1,9357548,1675219164,,26,,
K001543,1,9357548,328085617,,25,,
K001544,1,9357548,9437785523,,24,,
K001545,1,9357548,4937927190,,23,,
K001546,1,9357548,3169824057,,22,,
K001549,1,9357548,679787101,,21,,
TN000018,1,9357548,2389804570,,9,,
TN000019,1,9357548,5160215778,,8,,
TN000020,1,9357548,7284647967,,7,,
TN000021,1,9357548,6401142447,,6,,
TN000022,1,9357548,598386706,,5,,
TN000023,1,9357548,4339303488,,4,,
TN000024,1,9357548,9299477160,,10,,
TN000025,1,9357548,5467422456,,3,,
TN000026,1,9357548,5192145507,,2,,
TN000028,1,9357548,7412684811,,11,,
TN000029,1,9357548,2304228625,,12,,
TN000030,1,9357548,5898720614,,13,,
TN000031,1,9357548,9863359359,,14,,
TN000032,1,9357548,8680164348,,15,,
TN000033,1,9357548,8892307908,,16,,
TN000034,1,9357548,5494748715,,17,,
TN000035,1,9357548,1868008623,,18,,
TN000036,1,9357548,4471823082,,19,,
TN000037,1,9357548,7193803481,,20,,
TN000043,1,9357548,1428689554,,1,,
A000002,,,,,,,
A000003,,,,,,,
A000004,,,,,,,
A000005,,,,,,,
A000006,,,,,,,
A000007,,,,,,,
A000008,,,,,,,
A000009,,,,,,,
A000010,,,,,,,
A000011,,,,,,,
A000012,,,,,,,
A000013,,,,,,,
A000014,,,,,,,
A000015,,,,,,,
A000016,,,,,,,
A000017,,,,,,,
A000018,,,,,,,
A000019,,,,,,,
A000020,,,,,,,
A000021,,,,,,,
A000022,,,,,,,
A000023,,,,,,,
A000024,,,,,,,
A000025,,,,,,,
A000026,,,,,,,
A000027,,,,,,,
A000028,,,,,,,
A000029,,,,,,,
A000030,,,,,,,
A000031,,,,,,,
A000032,,,,,,,
A000033,,,,,,,
A000034,,,,,,,
A000035,,,,,,,
A000036,,,,,,,
A000037,,,,,,,
A000038,,,,,,,
A000039,,,,,,,
A000040,,,,,,,
A000041,,,,,,,
A000042,,,,,,,
A000043,,,,,,,
A000044,,,,,,,
A000045,,,,,,,
A000046,,,,,,,
A000047,,,,,,,
A000048,,,,,,,
A000049,,,,,,,
A000050,,,,,,,
A000051,,,,,,,
A000052,,,,,,,
A000053,,,,,,,
A000054,,,,,,,
A000055,,,,,,,
A000056,,,,,,,
A000057,,,,,,,
A000058,,,,,,,
A000059,,,,,,,
A000060,,,,,,,
A000062,,,,,,,
A000063,,,,,,,
A000064,,,,,,,
A000065,,,,,,,
A000066,,,,,,,
A000067,,,,,,,
A000068,,,,,,,
A000069,,,,,,,
A000070,,,,,,,
A000071,,,,,,,
A000072,,,,,,,
A000073,,,,,,,
A000074,,,,,,,
A000075,,,,,,,
A000076,,,,,,,
A000077,,,,,,,
A000078,,,,,,,
A000079,,,,,,,
A000080,,,,,,,
A000081,,,,,,,
A000082,,,,,,,
A000083,,,,,,,
A000084,,,,,,,
A000085,,,,,,,
A000086,,,,,,,
A000087,,,,,,,
A000088,,,,,,,
A000089,,,,,,,
A000090,,,,,,,
A000091,,,,,,,
A000092,,,,,,,
A000093,,,,,,,
A000094,,,,,,,
A000095,,,,,,,
A000096,,,,,,,
A000097,,,,,,,
A000098,,,,,,,
A000099,,,,,,,
A000100,,,,,,,
A000101,,,,,,,
A000102,,,,,,,
A000103,,,,,,,
A000104,,,,,,,
A000105,,,,,,,
A000107,,,,,,,
A000108,,,,,,,
A000109,,,,,,,
A000110,,,,,,,
A000111,,,,,,,
A000112,,,,,,,
A000113,,,,,,,
A000114,,,,,,,
A000115,,,,,,,
A000116,,,,,,,
A000117,,,,,,,
A000118,,,,,,,
A000119,,,,,,,
A000120,,,,,,,
A000121,,,,,,,
A000122,,,,,,,
A000123,,,,,,,
A000124,,,,,,,
A000125,,,,,,,
A000126,,,,,,,
A000127,,,,,,,
A000128,,,,,,,
A000129,,,,,,,
A000130,,,,,,,
A000131,,,,,,,
A000132,,,,,,,
A000133,,,,,,,
A000134,,,,,,,
A000135,,,,,,,
A000136,,,,,,,
A000137,,,,,,,
A000138,,,,,,,
A000139,,,,,,,
A000140,,,,,,,
A000141,,,,,,,
A000142,,,,,,,
A000143,,,,,,,
A000144,,,,,,,
A000145,,,,,,,
A000146,,,,,,,
A000147,,,,,,,
A000148,,,,,,,
A000150,,,,,,,
A000151,,,,,,,
A000152,,,,,,,
A000153,,,,,,,
A000154,,,,,,,
A000155,,,,,,,
A000156,,,,,,,
A000157,,,,,,,
A000158,,,,,,,
A000159,,,,,,,
A000160,,,,,,,
A000161,,,,,,,
A000162,,,,,,,
A000163,,,,,,,
A000164,,,,,,,
A000165,,,,,,,
A000166,,,,,,,
A000167,,,,,,,
A000168,,,,,,,
A000169,,,,,,,
A000170,,,,,,,
A000171,,,,,,,
A000172,,,,,,,
A000173,,,,,,,
A000174,,,,,,,
A000175,,,,,,,
A000176,,,,,,,
A000177,,,,,,,
A000178,,,,,,,
A000179,,,,,,,
A000180,,,,,,,
A000181,,,,,,,
A000182,,,,,,,
A000183,,,,,,,
A000184,,,,,,,
A000185,,,,,,,
A000186,,,,,,,
A000187,,,,,,,
A000188,,,,,,,
A000189,,,,,,,
A000190,,,,,,,
A000191,,,,,,,
A000192,,,,,,,
A000193,,,,,,,
A000194,,,,,,,
A000195,,,,,,,
A000196,,,,,,,
A000197,,,,,,,
A000198,,,,,,,
A000199,,,,,,,
A000200,,,,,,,
A000201,,,,,,,
A000202,,,,,,,
A000203,,,,,,,
A000204,,,,,,,
A000205,,,,,,,
A000206,,,,,,,
A000207,,,,,,,
A000208,,,,,,,
A000209,,,,,,,
A000210,,,,,,,
A000211,,,,,,,
A000212,,,,,,,
A000213,,,,,,,
A000214,,,,,,,
A000215,,,,,,,
A000216,,,,,,,
A000217,,,,,,,
A000218,,,,,,,
A000219,,,,,,,
A000220,,,,,,,
A000221,,,,,,,
A000222,,,,,,,
A000223,,,,,,,
A000224,,,,,,,
A000225,,,,,,,
A000226,,,,,,,
A000227,,,,,,,
A000228,,,,,,,
A000229,,,,,,,
A000230,,,,,,,
A000231,,,,,,,
A000232,,,,,,,
A000233,,,,,,,
A000235,,,,,,,
A000236,,,,,,,
A000237,,,,,,,
A000238,,,,,,,
A000239,,,,,,,
A000240,,,,,,,
A000241,,,,,,,
A000242,,,,,,,
A000243,,,,,,,
A000244,,,,,,,
A000245,,,,,,,
A000246,,,,,,,
A000247,,,,,,,
A000248,,,,,,,
A000250,,,,,,,
A000251,,,,,,,
A000252,,,,,,,
A000253,,,,,,,
A000254,,,,,,,
A000255,,,,,,,
A000256,,,,,,,
A000257,,,,,,,
A000258,,,,,,,
A000259,,,,,,,
A000260,,,,,,,
A000261,,,,,,,
A000262,,,,,,,
A000263,,,,,,,
A000264,,,,,,,
A000265,,,,,,,
A000266,,,,,,,
A000267,,,,,,,
A000268,,,,,,,
A000269,,,,,,,
A000270,,,,,,,
A000271,,,,,,,
A000272,,,,,,,
A000273,,,,,,,
A000274,,,,,,,
A000275,,,,,,,
A000276,,,,,,,
A000278,,,,,,,
A000279,,,,,,,
A000280,,,,,,,
A000281,,,,,,,
A000282,,,,,,,
A000283,,,,,,,
A000284,,,,,,,
A000285,,,,,,,
A000286,,,,,,,
A000287,,,,,,,
A000288,,,,,,,
A000289,,,,,,,
A000290,,,,,,,
A000291,,,,,,,
A000292,,,,,,,
A000293,,,,,,,
A000294,,,,,,,
A000295,,,,,,,
A000296,,,,,,,
A000297,,,,,,,
A000298,,,,,,,
A000299,,,,,,,
A000300,,,,,,,
A000301,,,,,,,
A000302,,,,,,,
A000303,,,,,,,
A000304,,,,,,,
A000305,,,,,,,
A000306,,,,,,,
A000307,,,,,,,
A000308,,,,,,,
A000309,,,,,,,
A000310,,,,,,,
A000311,,,,,,,
A000312,,,,,,,
A000313,,,,,,,
A000314,,,,,,,
A000315,,,,,,,
A000316,,,,,,,
A000317,,,,,,,
A000318,,,,,,,
A000319,,,,,,,
A000320,,,,,,,
A000321,,,,,,,
A000322,,,,,,,
A000323,,,,,,,
A000324,,,,,,,
A000325,,,,,,,
A000326,,,,,,,
A000327,,,,,,,
A000328,,,,,,,
A000329,,,,,,,
A000330,,,,,,,
A000331,,,,,,,
A000332,,,,,,,
A000333,,,,,,,
A000334,,,,,,,
A000335,,,,,,,
A000336,,,,,,,
A000337,,,,,,,
A000338,,,,,,,
A000339,,,,,,,
A000340,,,,,,,
A000341,,,,,,,
A000342,,,,,,,
A000343,,,,,,,
A000344,,,,,,,
A000345,,,,,,,
A000346,,,,,,,
A000347,,,,,,,
A000348,,,,,,,
A000349,,,,,,,
A000350,,,,,,,
A000351,,,,,,,
A000352,,,,,,,
A000353,,,,,,,
A000354,,,,,,,
A000355,,,,,,,
A000356,,,,,,,
A000357,,,,,,,
A000358,,,,,,,
A000359,,,,,,,
A000360,,,,,,,
A000361,,,,,,,
A000362,,,,,,,
A000363,,,,,,,
A000364,,,,,,,
A000365,,,,,,,
A000366,,,,,,,
A000367,,,,,,,
A000368,,,,,,,
A000369,,,,,,,
A000370,,,,,,,
A000371,,,,,,,
A000372,,,,,,,
A000373,,,,,,,
A000374,,,,,,,
A000375,,,,,,,
A000376,,,,,,,
A000377,,,,,,,
A000378,,,,,,,
A000379,,,,,,,
A000380,,,,,,,
A000381,,,,,,,
A000382,,,,,,,
A000383,,,,,,,
A000384,,,,,,,
A000385,,,,,,,
A000386,,,,,,,
A000387,,,,,,,
A000388,,,,,,,
A000389,,,,,,,
A000390,,,,,,,
A000391,,,,,,,
A000392,,,,,,,
A000393,,,,,,,
A000394,,,,,,,
A000395,,,,,,,
A000396,,,,,,,
A000397,,,,,,,
A000398,,,,,,,
A000399,,,,,,,
A000400,,,,,,,
A000401,,,,,,,
A000402,,,,,,,
A000403,,,,,,,
A000404,,,,,,,
A000405,,,,,,,
A000406,,,,,,,
A000408,,,,,,,
A000409,,,,,,,
A000410,,,,,,,
A000411,,,,,,,
A000412,,,,,,,
A000413,,,,,,,
A000414,,,,,,,
A000415,,,,,,,
A000416,,,,,,,
A000417,,,,,,,
A000418,,,,,,,
A000419,,,,,,,
A000420,,,,,,,
A000421,,,,,,,
A000422,,,,,,,
A000423,,,,,,,
A000424,,,,,,,
A000425,,,,,,,
A000426,,,,,,,
A000427,,,,,,,
A000428,,,,,,,
A000429,,,,,,,
A000430,,,,,,,
A000431,,,,,,,
A000432,,,,,,,
A000433,,,,,,,
A000434,,,,,,,
A000436,,,,,,,
A000437,,,,,,,
A000438,,,,,,,
A000439,,,,,,,
A000440,,,,,,,
A000441,,,,,,,
A000442,,,,,,,
A000443,,,,,,,
A000444,,,,,,,
A000445,,,,,,,
A000446,,,,,,,
A000447,,,,,,,
A000448,,,,,,,
A000449,,,,,,,
A000450,,,,,,,
A000451,,,,,,,
A000452,,,,,,,
A000453,,,,,,,
A000454,,,,,,,
A000455,,,,,,,
A000456,,,,,,,
A000457,,,,,,,
A000458,,,,,,,
A000459,,,,,,,
A000460,,,,,,,
A000461,,,,,,,
A000462,,,,,,,
A000463,,,,,,,
A000464,,,,,,,
A000465,,,,,,,
A000466,,,,,,,
A000467,,,,,,,
A000468,,,,,,,
A000469,,,,,,,
A000470,,,,,,,
A000471,,,,,,,
A000472,,,,,,,
A000473,,,,,,,
A000474,,,,,,,
A000475,,,,,,,
A000476,,,,,,,
A000477,,,,,,,
A000478,,,,,,,
A000479,,,,,,,
A000480,,,,,,,
A000481,,,,,,,
A000482,,,,,,,
A000483,,,,,,,
A000484,,,,,,,
A000485,,,,,,,
A000486,,,,,,,
A000487,,,,,,,
A000488,,,,,,,
A000489,,,,,,,
A000491,,,,,,,
A000492,,,,,,,
A000493,,,,,,,
A000494,,,,,,,
A000495,,,,,,,
A000496,,,,,,,
A000497,,,,,,,
A000498,,,,,,,
A000499,,,,,,,
A000500,,,,,,,
A000501,,,,,,,
A000502,,,,,,,
A000503,,,,,,,
A000504,,,,,,,
A000505,,,,,,,
A000506,,,,,,,
A000507,,,,,,,
A000508,,,,,,,
A000509,,,,,,,
A000510,,,,,,,
A000511,,,,,,,
A000512,,,,,,,
A000513,,,,,,,
A000514,,,,,,,
A000515,,,,,,,
A000516,,,,,,,
A000517,,,,,,,
A000518,,,,,,,
A000519,,,,,,,
A000521,,,,,,,
A000522,,,,,,,
A000523,,,,,,,
A000524,,,,,,,
A000525,,,,,,,
A000526,,,,,,,
A000527,,,,,,,
A000528,,,,,,,
A000529,,,,,,,
A000530,,,,,,,
A000531,,,,,,,
A000532,,,,,,,
A000533,,,,,,,
A000534,,,,,,,
A000536,,,,,,,
A000537,,,,,,,
A000538,,,,,,,
A000539,,,,,,,
A000540,,,,,,,
A000541,,,,,,,
A000542,,,,,,,
A000543,,,,,,,
A000544,,,,,,,
A000545,,,,,,,
A000546,,,,,,,
A000547,,,,,,,
A000548,,,,,,,
A000549,,,,,,,
A000550,,,,,,,
A000551,,,,,,,
A000552,,,,,,,
A000553,,,,,,,
A000554,,,,,,,
A000555,,,,,,,
A000556,,,,,,,
A000557,,,,,,,
A000558,,,,,,,
A000559,,,,,,,
A000560,,,,,,,
A000561,,,,,,,
A000562,,,,,,,
A000563,,,,,,,
A000564,,,,,,,
A000565,,,,,,,
A000566,,,,,,,
A000567,,,,,,,
A000568,,,,,,,
A000569,,,,,,,
A000570,,,,,,,
A000571,,,,,,,
A000572,,,,,,,
A000573,,,,,,,
A000574,,,,,,,
A000575,,,,,,,
A000576,,,,,,,
A000577,,,,,,,
A000579,,,,,,,
A000580,,,,,,,
A000581,,,,,,,
A000582,,,,,,,
A000583,,,,,,,
A000584,,,,,,,
A000585,,,,,,,
A000586,,,,,,,
A000587,,,,,,,
A000588,,,,,,,
A000589,,,,,,,
A000590,,,,,,,
A000591,,,,,,,
A000592,,,,,,,
A000593,,,,,,,
A000594,,,,,,,
A000595,,,,,,,
A000596,,,,,,,
A000597,,,,,,,
A000598,,,,,,,
A000599,,,,,,,
A000600,,,,,,,
A000601,,,,,,,
A000602,,,,,,,
A000603,,,,,,,
A000604,,,,,,,
A000605,,,,,,,
A000606,,,,,,,
A000607,,,,,,,
A000608,,,,,,,
A000609,,,,,,,
A000610,,,,,,,
A000611,,,,,,,
A000612,,,,,,,
A000613,,,,,,,
A000614,,,,,,,
A000615,,,,,,,
A000616,,,,,,,
A000617,,,,,,,
A000618,,,,,,,
A000619,,,,,,,
A000620,,,,,,,
A000621,,,,,,,
A000622,,,,,,,
A000623,,,,,,,
A000624,,,,,,,
A000625,,,,,,,
A000626,,,,,,,
A000627,,,,,,,
A000628,,,,,,,
A000629,,,,,,,
A000630,,,,,,,
A000631,,,,,,,
A000632,,,,,,,
A000633,,,,,,,
A000634,,,,,,,
A000635,,,,,,,
A000636,,,,,,,
A000637,,,,,,,
A000638,,,,,,,
A000639,,,,,,,
A000640,,,,,,,
A000641,,,,,,,
A000642,,,,,,,
A000643,,,,,,,
A000644,,,,,,,
A000645,,,,,,,
A000646,,,,,,,
A000647,,,,,,,
A000648,,,,,,,
A000649,,,,,,,
A000650,,,,,,,
A000651,,,,,,,
A000652,,,,,,,
A000653,,,,,,,
A000654,,,,,,,
A000655,,,,,,,
A000656,,,,,,,
A000657,,,,,,,
A000658,,,,,,,
A000659,,,,,,,
A000660,,,,,,,
A000661,,,,,,,
A000662,,,,,,,
A000663,,,,,,,
A000664,,,,,,,
A000665,,,,,,,
A000666,,,,,,,
A000667,,,,,,,
A000668,,,,,,,
A000669,,,,,,,
A000670,,,,,,,
A000671,,,,,,,
A000672,,,,,,,
A000673,,,,,,,
A000674,,,,,,,
A000675,,,,,,,
A000676,,,,,,,
A000677,,,,,,,
A000678,,,,,,,
A000679,,,,,,,
A000680,,,,,,,
A000681,,,,,,,
A000682,,,,,,,
A000683,,,,,,,
A000684,,,,,,,
A000685,,,,,,,
A000686,,,,,,,
A000687,,,,,,,
A000688,,,,,,,
A000689,,,,,,,
A000690,,,,,,,
A000692,,,,,,,
A000693,,,,,,,
A000694,,,,,,,
A000695,,,,,,,
A000696,,,,,,,
A000697,,,,,,,
A000698,,,,,,,
A000699,,,,,,,
A000700,,,,,,,
A000701,,,,,,,
A000702,,,,,,,
A000703,,,,,,,
A000704,,,,,,,
A000705,,,,,,,
A000706,,,,,,,
A000707,,,,,,,
A000709,,,,,,,
A000710,,,,,,,
A000711,,,,,,,
A000712,,,,,,,
A000713,,,,,,,
A000714,,,,,,,
A000715,,,,,,,
A000716,,,,,,,
A000717,,,,,,,
A000718,,,,,,,
A000719,,,,,,,
A000720,,,,,,,
A000721,,,,,,,
A000722,,,,,,,
A000723,,,,,,,
A000724,,,,,,,
A000725,,,,,,,
A000726,,,,,,,
A000727,,,,,,,
A000728,,,,,,,
A000729,,,,,,,
A000730,,,,,,,
A000731,,,,,,,
A000732,,,,,,,
A000733,,,,,,,
A000734,,,,,,,
A000735,,,,,,,
A000736,,,,,,,
A000737,,,,,,,
A000738,,,,,,,
A000739,,,,,,,
A000740,,,,,,,
A000741,,,,,,,
A000742,,,,,,,
A000743,,,,,,,
A000744,,,,,,,
A000745,,,,,,,
A000746,,,,,,,
A000747,,,,,,,
A000748,,,,,,,
A000749,,,,,,,
A000750,,,,,,,
A000751,,,,,,,
A000752,,,,,,,
A000753,,,,,,,
A000754,,,,,,,
A000755,,,,,,,
A000756,,,,,,,
A000757,,,,,,,
A000758,,,,,,,
A000759,,,,,,,
A000760,,,,,,,
A000761,,,,,,,
A000762,,,,,,,
A000763,,,,,,,
A000764,,,,,,,
A000765,,,,,,,
A000766,,,,,,,
A000767,,,,,,,
A000768,,,,,,,
A000769,,,,,,,
A000770,,,,,,,
A000771,,,,,,,
A000772,,,,,,,
A000773,,,,,,,
A000774,,,,,,,
A000775,,,,,,,
A000776,,,,,,,
A000777,,,,,,,
A000778,,,,,,,
A000779,,,,,,,
A000780,,,,,,,
A000781,,,,,,,
A000782,,,,,,,
A000783,,,,,,,
A000784,,,,,,,
A000785,,,,,,,
A000786,,,,,,,
A000787,,,,,,,
A000788,,,,,,,
A000789,,,,,,,
A000790,,,,,,,
A000791,,,,,,,
A000792,,,,,,,
A000793,,,,,,,
A000794,,,,,,,
A000795,,,,,,,
A000796,,,,,,,
A000797,,,,,,,
A000798,,,,,,,
A000799,,,,,,,
A000800,,,,,,,
A000801,,,,,,,
A000802,,,,,,,
A000803,,,,,,,
A000804,,,,,,,
A000805,,,,,,,
A000806,,,,,,,
A000807,,,,,,,
A000808,,,,,,,
A000809,,,,,,,
A000810,,,,,,,
A000811,,,,,,,
A000812,,,,,,,
A000813,,,,,,,
A000814,,,,,,,
A000815,,,,,,,
A000816,,,,,,,
A000817,,,,,,,
A000818,,,,,,,
A000819,,,,,,,
A000820,,,,,,,
A000822,,,,,,,
A000823,,,,,,,
A000824,,,,,,,
A000825,,,,,,,
A000826,,,,,,,
A000827,,,,,,,
A000828,,,,,,,
A000829,,,,,,,
A000830,,,,,,,
A000831,,,,,,,
A000832,,,,,,,
A000833,,,,,,,
A000834,,,,,,,
A000835,,,,,,,
A000837,,,,,,,
A000838,,,,,,,
A000839,,,,,,,
A000840,,,,,,,
A000841,,,,,,,
A000842,,,,,,,
A000843,,,,,,,
A000844,,,,,,,
A000845,,,,,,,
A000846,,,,,,,
A000847,,,,,,,
A000848,,,,,,,
A000849,,,,,,,
A000850,,,,,,,
A000851,,,,,,,
A000852,,,,,,,
A000853,,,,,,,
A000854,,,,,,,
A000855,,,,,,,
A000856,,,,,,,
A000857,,,,,,,
A000858,,,,,,,
A000859,,,,,,,
A000860,,,,,,,
A000861,,,,,,,
A000862,,,,,,,
A000863,,,,,,,
A000864,,,,,,,
A000865,,,,,,,
A000866,,,,,,,
A000867,,,,,,,
A000868,,,,,,,
A000869,,,,,,,
A000870,,,,,,,
A000871,,,,,,,
A000872,,,,,,,
A000873,,,,,,,
A000874,,,,,,,
A000875,,,,,,,
A000876,,,,,,,
A000877,,,,,,,
A000878,,,,,,,
A000880,,,,,,,
A000881,,,,,,,
A000882,,,,,,,
A000883,,,,,,,
A000884,,,,,,,
A000885,,,,,,,
A000886,,,,,,,
A000887,,,,,,,
A000888,,,,,,,
A000889,,,,,,,
A000890,,,,,,,
A000891,,,,,,,
A000892,,,,,,,
A000893,,,,,,,
A000894,,,,,,,
A000895,,,,,,,
A000896,,,,,,,
A000897,,,,,,,
A000898,,,,,,,
A000899,,,,,,,
A000900,,,,,,,
A000901,,,,,,,
A000902,,,,,,,
A000903,,,,,,,
A000904,,,,,,,
A000905,,,,,,,
A000906,,,,,,,
A000907,,,,,,,
A000908,,,,,,,
A000909,,,,,,,
A000910,,,,,,,
A000911,,,,,,,
A000912,,,,,,,
A000913,,,,,,,
A000914,,,,,,,
A000915,,,,,,,
A000916,,,,,,,
A000917,,,,,,,
A000918,,,,,,,
A000919,,,,,,,
A000920,,,,,,,
A000921,,,,,,,
A000922,,,,,,,
A000923,,,,,,,
A000924,,,,,,,
A000925,,,,,,,
A000926,,,,,,,
A000927,,,,,,,
A000928,,,,,,,
A000929,,,,,,,
A000930,,,,,,,
A000931,,,,,,,
A000932,,,,,,,
A000933,,,,,,,
A000934,,,,,,,
A000935,,,,,,,
A000936,,,,,,,
A000937,,,,,,,
A000938,,,,,,,
A000939,,,,,,,
A000940,,,,,,,
A000941,,,,,,,
A000942,,,,,,,
A000943,,,,,,,
A000944,,,,,,,
A000945,,,,,,,
A000946,,,,,,,
A000947,,,,,,,
A000948,,,,,,,
A000949,,,,,,,
A000950,,,,,,,
A000951,,,,,,,
A000952,,,,,,,
A000953,,,,,,,
A000954,,,,,,,
A000955,,,,,,,
A000956,,,,,,,
A000957,,,,,,,
A000958,,,,,,,
A000959,,,,,,,
A000960,,,,,,,
A000961,,,,,,,
A000962,,,,,,,
A000963,,,,,,,
A000964,,,,,,,
A000965,,,,,,,
A000966,,,,,,,
A000967,,,,,,,
A000968,,,,,,,
A000969,,,,,,,
A000970,,,,,,,
A000971,,,,,,,
A000972,,,,,,,
A000973,,,,,,,
A000974,,,,,,,
A000975,,,,,,,
A000976,,,,,,,
A000977,,,,,,,
A000978,,,,,,,
A000979,,,,,,,
A000980,,,,,,,
A000981,,,,,,,
A000982,,,,,,,
A000983,,,,,,,
A000984,,,,,,,
A000985,,,,,,,
A000986,,,,,,,
A000987,,,,,,,
A000988,,,,,,,
A000989,,,,,,,
A000990,,,,,,,
A000991,,,,,,,
A000993,,,,,,,
A000994,,,,,,,
A000995,,,,,,,
A000996,,,,,,,
A000997,,,,,,,
A000998,,,,,,,
A000999,,,,,,,
A001000,,,,,,,
A001001,,,,,,,
A001002,,,,,,,
A001003,,,,,,,
A001004,,,,,,,
A001005,,,,,,,
A001006,,,,,,,
A001007,,,,,,,
A001008,,,,,,,
A001009,,,,,,,
A001010,,,,,,,
A001011,,,,,,,
A001012,,,,,,,
A001013,,,,,,,
A001014,,,,,,,
A001015,,,,,,,
A001016,,,,,,,
A001017,,,,,,,
A001018,,,,,,,
A001019,,,,,,,
A001020,,,,,,,
A001021,,,,,,,
A001022,,,,,,,
A001023,,,,,,,
A001024,,,,,,,
A001025,,,,,,,
A001026,,,,,,,
A001027,,,,,,,
A001028,,,,,,,
A001030,,,,,,,
A001031,,,,,,,
A001032,,,,,,,
A001033,,,,,,,
A001034,,,,,,,
A001035,,,,,,,
A001036,,,,,,,
A001037,,,,,,,
A001038,,,,,,,
A001039,,,,,,,
A001040,,,,,,,
A001042,,,,,,,
A001043,,,,,,,
A001044,,,,,,,
A001045,,,,,,,
A001046,,,,,,,
A001047,,,,,,,
A001048,,,,,,,
A001049,,,,,,,
A001050,,,,,,,
A001051,,,,,,,
A001052,,,,,,,
A001053,,,,,,,
A001054,,,,,,,
A001055,,,,,,,
A001056,,,,,,,
A001057,,,,,,,
A001058,,,,,,,
A001059,,,,,,,
A001060,,,,,,,
A001061,,,,,,,
A001062,,,,,,,
A001063,,,,,,,
A001064,,,,,,,
A001065,,,,,,,
A001066,,,,,,,
A001067,,,,,,,
A001068,,,,,,,
A001069,,,,,,,
A001070,,,,,,,
A001071,,,,,,,
A001072,,,,,,,
A001073,,,,,,,
A001074,,,,,,,
A001075,,,,,,,
A001076,,,,,,,
A001077,,,,,,,
A001078,,,,,,,
A001079,,,,,,,
A001080,,,,,,,
A001081,,,,,,,
A001082,,,,,,,
A001083,,,,,,,
A001084,,,,,,,
A001085,,,,,,,
A001086,,,,,,,
A001087,,,,,,,
A001088,,,,,,,
A001089,,,,,,,
A001090,,,,,,,
A001091,,,,,,,
A001092,,,,,,,
A001093,,,,,,,
A001094,,,,,,,
A001095,,,,,,,
A001096,,,,,,,
A001097,,,,,,,
A001098,,,,,,,
A001099,,,,,,,
A001100,,,,,,,
A001101,,,,,,,
A001102,,,,,,,
A001103,,,,,,,
A001104,,,,,,,
A001105,,,,,,,
A001106,,,,,,,
A001107,,,,,,,
A001108,,,,,,,
A001109,,,,,,,
A001110,,,,,,,
A001111,,,,,,,
A001112,,,,,,,
A001113,,,,,,,
A001114,,,,,,,
A001115,,,,,,,
A001116,,,,,,,
A001117,,,,,,,
A001118,,,,,,,
A001119,,,,,,,
A001120,,,,,,,
A001121,,,,,,,
A001122,,,,,,,
A001123,,,,,,,
A001124,,,,,,,
A001125,,,,,,,
A001126,,,,,,,
A001127,,,,,,,
A001128,,,,,,,
A001129,,,,,,,
A001130,,,,,,,
A001131,,,,,,,
A001132,,,,,,,
A001133,,,,,,,
A001134,,,,,,,
A001135,,,,,,,
A001136,,,,,,,
A001137,,,,,,,
A001138,,,,,,,
A001139,,,,,,,
A001140,,,,,,,
A001141,,,,,,,
A001142,,,,,,,
A001143,,,,,,,
A001144,,,,,,,
A001145,,,,,,,
A001146,,,,,,,
A001147,,,,,,,
A001148,,,,,,,
A001149,,,,,,,
A001150,,,,,,,
A001151,,,,,,,
A001152,,,,,,,
A001153,,,,,,,
A001154,,,,,,,
A001155,,,,,,,
A001156,,,,,,,
A001157,,,,,,,
A001158,,,,,,,
A001159,,,,,,,
A001160,,,,,,,
A001161,,,,,,,
A001162,,,,,,,
A001163,,,,,,,
A001164,,,,,,,
A001165,,,,,,,
A001166,,,,,,,
A001167,,,,,,,
A001168,,,,,,,
A001169,,,,,,,
A001170,,,,,,,
A001171,,,,,,,
A001172,,,,,,,
A001173,,,,,,,
A001174,,,,,,,
A001175,,,,,,,
A001176,,,,,,,
A001177,,,,,,,
A001178,,,,,,,
A001179,,,,,,,
A001180,,,,,,,
A001181,,,,,,,
A001182,,,,,,,
A001183,,,,,,,
A001184,,,,,,,
A001185,,,,,,,
A001186,,,,,,,
A001187,,,,,,,
A001188,,,,,,,
A001189,,,,,,,
A001190,,,,,,,
A001191,,,,,,,
A001192,,,,,,,
A001193,,,,,,,
A001194,,,,,,,
A001195,,,,,,,
A001196,,,,,,,
A001197,,,,,,,
A001198,,,,,,,
A001199,,,,,,,
A001200,,,,,,,
A001201,,,,,,,
A001202,,,,,,,
A001203,,,,,,,
A001204,,,,,,,
A001205,,,,,,,
A001206,,,,,,,
A001207,,,,,,,
A001208,,,,,,,
A001209,,,,,,,
A001210,,,,,,,
A001211,,,,,,,
A001212,,,,,,,
A001213,,,,,,,
A001214,,,,,,,
A001215,,,,,,,
A001216,,,,,,,
A001217,,,,,,,
A001218,,,,,,,
A001219,,,,,,,
A001220,,,,,,,
A001221,,,,,,,
A001222,,,,,,,
A001223,,,,,,,
A001224,,,,,,,
A001225,,,,,,,
A001226,,,,,,,
A001227,,,,,,,
A001228,,,,,,,
A001229,,,,,,,
A001230,,,,,,,
A001231,,,,,,,
A001232,,,,,,,
A001233,,,,,,,
A001234,,,,,,,
A001235,,,,,,,
A001236,,,,,,,
A001237,,,,,,,
A001238,,,,,,,
A001239,,,,,,,
A001240,,,,,,,
A001241,,,,,,,
A001242,,,,,,,
A001243,,,,,,,
A001244,,,,,,,
A001245,,,,,,,
A001246,,,,,,,
A001247,,,,,,,
A001248,,,,,,,
A001249,,,,,,,
A001250,,,,,,,
A001251,,,,,,,
A001252,,,,,,,
A001253,,,,,,,
A001254,,,,,,,
A001255,,,,,,,
A001256,,,,,,,
A001257,,,,,,,
A001258,,,,,,,
A001259,,,,,,,
A001260,,,,,,,
A001261,,,,,,,
A001262,,,,,,,
A001263,,,,,,,
A001264,,,,,,,
A001265,,,,,,,
A001266,,,,,,,
A001267,,,,,,,
A001268,,,,,,,
A001269,,,,,,,
A001270,,,,,,,
A001271,,,,,,,
A001272,,,,,,,
A001273,,,,,,,
A001274,,,,,,,
A001275,,,,,,,
A001276,,,,,,,
A001277,,,,,,,
A001278,,,,,,,
A001279,,,,,,,
A001280,,,,,,,
A001281,,,,,,,
A001282,,,,,,,
A001283,,,,,,,
A001284,,,,,,,
A001285,,,,,,,
A001286,,,,,,,
A001287,,,,,,,
A001288,,,,,,,
A001289,,,,,,,
A001290,,,,,,,
A001291,,,,,,,
A001292,,,,,,,
A001293,,,,,,,
A001294,,,,,,,
A001295,,,,,,,
A001296,,,,,,,
A001297,,,,,,,
A001298,,,,,,,
A001299,,,,,,,
A001300,,,,,,,
A001301,,,,,,,
A001302,,,,,,,
A001303,,,,,,,
A001304,,,,,,,
A001305,,,,,,,
A001306,,,,,,,
A001307,,,,,,,
A001308,,,,,,,
A001309,,,,,,,
A001310,,,,,,,
A001311,,,,,,,
A001312,,,,,,,
A001313,,,,,,,
A001314,,,,,,,
A001315,,,,,,,
A001316,,,,,,,
A001317,,,,,,,
A001318,,,,,,,
A001319,,,,,,,
A001320,,,,,,,
A001321,,,,,,,
A001322,,,,,,,
A001323,,,,,,,
A001324,,,,,,,
A001325,,,,,,,
A001326,,,,,,,
A001327,,,,,,,
A001328,,,,,,,
A001329,,,,,,,
A001330,,,,,,,
A001331,,,,,,,
A001332,,,,,,,
A001333,,,,,,,
A001334,,,,,,,
A001335,,,,,,,
A001336,,,,,,,
A001337,,,,,,,
A001338,,,,,,,
A001339,,,,,,,
A001340,,,,,,,
A001341,,,,,,,
A001342,,,,,,,
A001343,,,,,,,
A001344,,,,,,,
A001345,,,,,,,
A001346,,,,,,,
A001347,,,,,,,
A001348,,,,,,,
A001349,,,,,,,
A001350,,,,,,,
A001351,,,,,,,
A001352,,,,,,,
A001353,,,,,,,
A001354,,,,,,,
A001355,,,,,,,
A001356,,,,,,,
A001357,,,,,,,
A001358,,,,,,,
A001359,,,,,,,
A001360,,,,,,,
A001361,,,,,,,
A001362,,,,,,,
A001363,,,,,,,
A001364,,,,,,,
A001365,,,,,,,
A001366,,,,,,,
A001367,,,,,,,
A001368,,,,,,,
A001369,,,,,,,
A001370,,,,,,,
A001371,,,,,,,
A001372,,,,,,,
A001373,,,,,,,
A001374,,,,,,,
A001375,,,,,,,
A001376,,,,,,,
A001377,,,,,,,
A001378,,,,,,,
A001379,,,,,,,
A001380,,,,,,,
A001381,,,,,,,
A001382,,,,,,,
A001383,,,,,,,
A001384,,,,,,,
A001385,,,,,,,
A001386,,,,,,,
A001387,,,,,,,
A001388,,,,,,,
A001389,,,,,,,
A001390,,,,,,,
A001391,,,,,,,
A001392,,,,,,,
A001393,,,,,,,
A001394,,,,,,,
A001395,,,,,,,
A001396,,,,,,,
A001397,,,,,,,
A001398,,,,,,,
A001399,,,,,,,
A001400,,,,,,,
A001401,,,,,,,
A001402,,,,,,,
A001403,,,,,,,
A001404,,,,,,,
A001405,,,,,,,
A001406,,,,,,,
A001407,,,,,,,
A001408,,,,,,,
A001409,,,,,,,
A001410,,,,,,,
A001411,,,,,,,
A001412,,,,,,,
A001413,,,,,,,
A001414,,,,,,,
A001415,,,,,,,
A001416,,,,,,,
A001417,,,,,,,
A001418,,,,,,,
A001419,,,,,,,
A001420,,,,,,,
A001421,,,,,,,
A001422,,,,,,,
A001423,,,,,,,
A001424,,,,,,,
A001425,,,,,,,
A001426,,,,,,,
A001427,,,,,,,
A001428,,,,,,,
A001429,,,,,,,
A001430,,,,,,,
A001431,,,,,,,
A001432,,,,,,,
A001433,,,,,,,
A001434,,,,,,,
A001435,,,,,,,
A001436,,,,,,,
A001437,,,,,,,
A001438,,,,,,,
A001439,,,,,,,
A001440,,,,,,,
A001441,,,,,,,
A001442,,,,,,,
A001443,,,,,,,
A001444,,,,,,,
A001445,,,,,,,
A001446,,,,,,,
A001447,,,,,,,
A001448,,,,,,,
A001449,,,,,,,
A001450,,,,,,,
A001451,,,,,,,
A001452,,,,,,,
A001453,,,,,,,
A001454,,,,,,,
A001455,,,,,,,
A001456,,,,,,,
A001457,,,,,,,
A001458,,,,,,,
A001459,,,,,,,
A001460,,,,,,,
A001461,,,,,,,
A001462,,,,,,,
A001463,,,,,,,
A001464,,,,,,,
A001465,,,,,,,
A001466,,,,,,,
A001467,,,,,,,
A001468,,,,,,,
A001469,,,,,,,
A001470,,,,,,,
A001471,,,,,,,
A001472,,,,,,,
A001473,,,,,,,
A001474,,,,,,,
A001475,,,,,,,
A001476,,,,,,,
A001477,,,,,,,
A001478,,,,,,,
A001479,,,,,,,
A001480,,,,,,,
A001481,,,,,,,
A001482,,,,,,,
A001483,,,,,,,
A001484,,,,,,,
A001485,,,,,,,
A001486,,,,,,,
A001487,,,,,,,
A001488,,,,,,,
A001489,,,,,,,
A001490,,,,,,,
A001491,,,,,,,
K001547,,,,,,,
K001548,,,,,,,
TN000001,,,,,,,
TN000002,,,,,,,
TN000003,,,,,,,
TN000004,,,,,,,
TN000005,,,,,,,
TN000006,,,,,,,
TN000007,,,,,,,
TN000008,,,,,,,
TN000009,,,,,,,
TN000010,,,,,,,
TN000011,,,,,,,
TN000012,,,,,,,
TN000013,,,,,,,
TN000014,,,,,,,
TN000015,,,,,,,
TN000016,,,,,,,
TN000017,,,,,,,
TN000027,,,,,,,
TN000038,,,,,,,
TN000039,,,,,,,
TN000040,,,,,,,
TN000041,,,,,,,
TN000042,,,,,,,
TN000044,,,,,,,
TN000045,,,,,,,
TN000046,,,,,,,
TN000047,,,,,,,
TN000048,,,,,,,
TN000049,,,,,,,
TN000050,,,,,,,
TN000051,,,,,,,
TN000052,,,,,,,
TN000053,,,,,,,
TN000054,,,,,,,
TN000055,,,,,,,
TN000056,,,,,,,
TN000057,,,,,,,
TN000058,,,,,,,
TN000059,,,,,,,
TN000060,,,,,,,
TN000061,,,,,,,
TN000062,,,,,,,
TN000063,,,,,,,
TN000064,,,,,,,
TN000065,,,,,,,
TN000066,,,,,,,
TN000067,,,,,,,
TN000068,,,,,,,
TN000069,,,,,,,
TN000070,,,,,,,
TN000071,,,,,,,
TN000072,,,,,,,
TN000073,,,,,,,
